"N","precision","timing"
10,0.0001,0.002731286
10,1.0e-5,0.002851661
10,1.0e-6,0.002964169
10,1.0e-7,0.002962472
10,1.0e-8,0.00308314
10,1.0e-9,0.003197626
10,1.0e-10,0.003199278
10,1.0e-11,0.003313458
10,1.0e-12,0.00342508
